{
  "$schema": "https://unpkg.com/knip@2/schema.json",
  "paths": { "~/*": ["src/*"] },
  "entry": [
    "src/env.mjs",
    "next.config.{js,ts,cjs,mjs}",
    "drizzle.config.ts",
    "src/middleware.{js,ts}",
    "src/{app,pages}/**/*.{js,jsx,ts,tsx}"
  ],
  "project": ["src/**/*.{js,jsx,ts,tsx}"],
  "ignore": ["src/{data,hooks,islands,}/**/*.{ts,tsx}", "src/i18n.ts"],
  "ignoreBinaries": ["email", "stripe", "next-intl@3.0.0-rc.7"],
  "ignoreDependencies": [
    "@auth/core",
    "@auth/drizzle-adapter",
    "@clerk/localizations",
    "@clerk/nextjs",
    "@clerk/themes",
    "@clerk/types",
    "@faker-js/faker",
    "@hookform/resolvers",
    "@loglib/tracker",
    "@neondatabase/serverless",
    "@planetscale/database",
    "@radix-ui/react-accordion",
    "@radix-ui/react-alert-dialog",
    "@radix-ui/react-aspect-ratio",
    "@radix-ui/react-avatar",
    "@radix-ui/react-checkbox",
    "@radix-ui/react-dialog",
    "@radix-ui/react-dropdown-menu",
    "@radix-ui/react-icons",
    "@radix-ui/react-label",
    "@radix-ui/react-menubar",
    "@radix-ui/react-navigation-menu",
    "@radix-ui/react-popover",
    "@radix-ui/react-scroll-area",
    "@radix-ui/react-select",
    "@radix-ui/react-separator",
    "@radix-ui/react-slider",
    "@radix-ui/react-slot",
    "@radix-ui/react-switch",
    "@radix-ui/react-tabs",
    "@radix-ui/react-toast",
    "@radix-ui/react-tooltip",
    "@stripe/react-stripe-js",
    "@stripe/stripe-js",
    "@tanstack/react-query",
    "@tanstack/react-table",
    "@trpc/client",
    "@trpc/react-query",
    "@trpc/server",
    "@types/js-cookie",
    "@types/lodash",
    "@types/mdx",
    "@types/pg",
    "@uploadthing/react",
    "@vercel/analytics",
    "axios",
    "class-variance-authority",
    "clsx",
    "cmdk",
    "cropperjs",
    "cspell",
    "dayjs",
    "drizzle-zod",
    "embla-carousel-react",
    "eslint-config-next",
    "eslint-interactive",
    "flag-icons",
    "international-types",
    "js-cookie",
    "lodash",
    "lucide-react",
    "mdx",
    "micro",
    "mysql2",
    "next-auth",
    "next-international",
    "next-themes",
    "nextjs-google-analytics",
    "nodemailer",
    "pg",
    "postgres",
    "react-cropper",
    "react-day-picker",
    "react-dropzone",
    "react-hook-form",
    "react-hot-toast",
    "react-icons",
    "react-medium-image-zoom",
    "react-wrap-balancer",
    "request-ip",
    "stripe",
    "superjson",
    "tailwind-merge",
    "tailwind-variants",
    "ts-deepmerge",
    "uploadthing",
    "vaul"
  ]
}
