{
  "version": "0.2",
  "import": [
    "@cspell/dict-typescript/cspell-ext.json",
    "@cspell/dict-companies/cspell-ext.json",
    "@cspell/dict-fullstack/cspell-ext.json",
    "@cspell/dict-markdown/cspell-ext.json",
    "@cspell/dict-npm/cspell-ext.json",
    "@cspell/dict-de-de/cspell-ext.json",
    "@cspell/dict-es-es/cspell-ext.json",
    "@cspell/dict-fr-fr/cspell-ext.json",
    "@cspell/dict-it-it/cspell-ext.json",
    "@cspell/dict-pl_pl/cspell-ext.json",
    "@cspell/dict-tr-tr/cspell-ext.json",
    "@cspell/dict-uk-ua/cspell-ext.json"
  ],
  "language": "de,en,es,fr,it,pl,tr,uk",
  "dictionaries": [],
  "ignoreWords": [],
  "ignorePaths": [
    "src/data/i18n/hi-in.json",
    "pnpm-lock.yaml",
    "**/*.txt",
    ".next",
    "build",
    "dist",
    "out"
  ],
  "words": [
    "abcabcabc",
    "Anasayfa",
    "Anasayfaya",
    "Apestein",
    "appts",
    "Authed",
    "authjs",
    "AUTHJS",
    "autoincrement",
    "Avansai",
    "birşey",
    "blefnk",
    "blefonix",
    "bleverse",
    "browserconfig",
    "Bytest",
    "caesar",
    "callees",
    "callout",
    "calsans",
    "Çevrimiçi",
    "classname",
    "CLIENTVAR",
    "cloners",
    "cloudinary",
    "Cloudinary",
    "clsx",
    "cmdk",
    "codelist",
    "commitlint",
    "conection",
    "contentlayer",
    "Contentlayer",
    "corepack",
    "cropperjs",
    "darkreader",
    "dashboardu",
    "datetime",
    "dayjs",
    "deepmerge",
    "Delba",
    "dicebear",
    "discordapp",
    "dotjs",
    "draftjs",
    "ecommerce",
    "embla",
    "envinfo",
    "esbenp",
    "esnext",
    "facebook",
    "Favs",
    "Fdashboard",
    "Fiverr",
    "formatjs",
    "Fsettings",
    "fullpath",
    "funktionsreichsten",
    "geist",
    "github",
    "globalsten",
    "Googlebot",
    "googleusercontent",
    "griptape",
    "Gtkq",
    "hookform",
    "ianvs",
    "icónico",
    "idempotency",
    "ikonik",
    "imgur",
    "İnceleme",
    "İncelemesi",
    "İndir",
    "isadmin",
    "Kârlı",
    "Kbwps",
    "knip",
    "Kornienko",
    "Korniienko",
    "Kysely",
    "lastlogintime",
    "lemonsqueezy",
    "libsql",
    "livemode",
    "localematcher",
    "loglib",
    "LOGLIB",
    "lucide",
    "maxage",
    "Meslo",
    "mfpiano",
    "mfpianotutorial",
    "Millis",
    "mjml",
    "Nazarii",
    "neobrutalism",
    "neondatabase",
    "nextauth",
    "NEXTAUTH",
    "nextflix",
    "nextintl",
    "nextjs",
    "nextwrappers",
    "nocheck",
    "Nomaders",
    "openssl",
    "opentelemetry",
    "ossrepo",
    "otlp",
    "packagejson",
    "paralleldrive",
    "Peresfer",
    "pgdb",
    "pgjs",
    "pgsql",
    "planetscale",
    "postgres",
    "postgresjs",
    "postgresql",
    "prettyful",
    "PSCALE",
    "registrationtime",
    "Relistore",
    "relivator",
    "Reliverse",
    "rlig",
    "rmiz",
    "roadmap",
    "runtimes",
    "serverful",
    "serverfull",
    "shadcn",
    "shopify",
    "signin",
    "signout",
    "signup",
    "sqlite",
    "squeezy",
    "sslmod",
    "sslmode",
    "superjson",
    "tailwindcss",
    "tanstack",
    "tform",
    "theming",
    "titleize",
    "toastify",
    "totp",
    "TOTP",
    "trpc",
    "tson",
    "Turbopack",
    "Turborepo",
    "turso",
    "twimg",
    "typecheck",
    "uidotdev",
    "uiux",
    "unslugify",
    "unsplash",
    "uploadthing",
    "UPLOADTHING",
    "URL'yi",
    "usehooks",
    "usequerystate",
    "utfs",
    "valibot",
    "Valibot",
    "valids",
    "varchar",
    "vaul",
    "vercel",
    "webp",
    "whatsapp",
    "whsec",
    "wysiwyg",
    "xicon",
    "YOOOOOO",
    "youtube",
    "zxcvbn",
    "дашборду",
    "обліковки",
    "обліковок",
    "продакшн"
  ]
}
