{
  "version": "5",
  "dialect": "mysql",
  "id": "f8589ae4-b185-4070-8645-ff809114436c",
  "prevId": "00000000-0000-0000-0000-000000000000",
  "tables": {
    "acme_account": {
      "name": "acme_account",
      "columns": {
        "userId": {
          "name": "userId",
          "type": "varchar(255)",
          "primaryKey": false,
          "notNull": true,
          "autoincrement": false
        },
        "type": {
          "name": "type",
          "type": "varchar(255)",
          "primaryKey": false,
          "notNull": true,
          "autoincrement": false
        },
        "access_token": {
          "name": "access_token",
          "type": "text",
          "primaryKey": false,
          "notNull": false,
          "autoincrement": false
        },
        "expires_at": {
          "name": "expires_at",
          "type": "int",
          "primaryKey": false,
          "notNull": false,
          "autoincrement": false
        },
        "id_token": {
          "name": "id_token",
          "type": "text",
          "primaryKey": false,
          "notNull": false,
          "autoincrement": false
        },
        "provider": {
          "name": "provider",
          "type": "varchar(255)",
          "primaryKey": false,
          "notNull": true,
          "autoincrement": false
        },
        "providerAccountId": {
          "name": "providerAccountId",
          "type": "varchar(255)",
          "primaryKey": false,
          "notNull": true,
          "autoincrement": false
        },
        "refresh_token_expires_in": {
          "name": "refresh_token_expires_in",
          "type": "int",
          "primaryKey": false,
          "notNull": false,
          "autoincrement": false
        },
        "refresh_token": {
          "name": "refresh_token",
          "type": "text",
          "primaryKey": false,
          "notNull": false,
          "autoincrement": false
        },
        "scope": {
          "name": "scope",
          "type": "varchar(255)",
          "primaryKey": false,
          "notNull": false,
          "autoincrement": false
        },
        "session_state": {
          "name": "session_state",
          "type": "varchar(255)",
          "primaryKey": false,
          "notNull": false,
          "autoincrement": false
        },
        "token_type": {
          "name": "token_type",
          "type": "varchar(255)",
          "primaryKey": false,
          "notNull": false,
          "autoincrement": false
        }
      },
      "indexes": {
        "userId_idx": {
          "name": "userId_idx",
          "columns": ["userId"],
          "isUnique": false
        }
      },
      "foreignKeys": {},
      "compositePrimaryKeys": {
        "acme_account_provider_providerAccountId": {
          "name": "acme_account_provider_providerAccountId",
          "columns": ["provider", "providerAccountId"]
        }
      },
      "uniqueConstraints": {}
    },
    "acme_addresses": {
      "name": "acme_addresses",
      "columns": {
        "id": {
          "name": "id",
          "type": "serial",
          "primaryKey": false,
          "notNull": true,
          "autoincrement": true
        },
        "line1": {
          "name": "line1",
          "type": "varchar(191)",
          "primaryKey": false,
          "notNull": false,
          "autoincrement": false
        },
        "line2": {
          "name": "line2",
          "type": "varchar(191)",
          "primaryKey": false,
          "notNull": false,
          "autoincrement": false
        },
        "city": {
          "name": "city",
          "type": "varchar(191)",
          "primaryKey": false,
          "notNull": false,
          "autoincrement": false
        },
        "state": {
          "name": "state",
          "type": "varchar(191)",
          "primaryKey": false,
          "notNull": false,
          "autoincrement": false
        },
        "postalCode": {
          "name": "postalCode",
          "type": "varchar(191)",
          "primaryKey": false,
          "notNull": false,
          "autoincrement": false
        },
        "country": {
          "name": "country",
          "type": "varchar(191)",
          "primaryKey": false,
          "notNull": false,
          "autoincrement": false
        },
        "createdAt": {
          "name": "createdAt",
          "type": "timestamp",
          "primaryKey": false,
          "notNull": false,
          "autoincrement": false,
          "default": "(now())"
        }
      },
      "indexes": {},
      "foreignKeys": {},
      "compositePrimaryKeys": {
        "acme_addresses_id": {
          "name": "acme_addresses_id",
          "columns": ["id"]
        }
      },
      "uniqueConstraints": {}
    },
    "acme_carts": {
      "name": "acme_carts",
      "columns": {
        "id": {
          "name": "id",
          "type": "serial",
          "primaryKey": false,
          "notNull": true,
          "autoincrement": true
        },
        "paymentIntentId": {
          "name": "paymentIntentId",
          "type": "varchar(191)",
          "primaryKey": false,
          "notNull": false,
          "autoincrement": false
        },
        "clientSecret": {
          "name": "clientSecret",
          "type": "varchar(191)",
          "primaryKey": false,
          "notNull": false,
          "autoincrement": false
        },
        "items": {
          "name": "items",
          "type": "json",
          "primaryKey": false,
          "notNull": false,
          "autoincrement": false,
          "default": "('null')"
        },
        "closed": {
          "name": "closed",
          "type": "boolean",
          "primaryKey": false,
          "notNull": true,
          "autoincrement": false,
          "default": false
        },
        "createdAt": {
          "name": "createdAt",
          "type": "timestamp",
          "primaryKey": false,
          "notNull": false,
          "autoincrement": false,
          "default": "(now())"
        }
      },
      "indexes": {},
      "foreignKeys": {},
      "compositePrimaryKeys": {
        "acme_carts_id": {
          "name": "acme_carts_id",
          "columns": ["id"]
        }
      },
      "uniqueConstraints": {}
    },
    "acme_emails": {
      "name": "acme_emails",
      "columns": {
        "id": {
          "name": "id",
          "type": "serial",
          "primaryKey": false,
          "notNull": true,
          "autoincrement": true
        },
        "userId": {
          "name": "userId",
          "type": "varchar(191)",
          "primaryKey": false,
          "notNull": false,
          "autoincrement": false
        },
        "email": {
          "name": "email",
          "type": "varchar(191)",
          "primaryKey": false,
          "notNull": true,
          "autoincrement": false
        },
        "token": {
          "name": "token",
          "type": "varchar(191)",
          "primaryKey": false,
          "notNull": true,
          "autoincrement": false
        },
        "newsletter": {
          "name": "newsletter",
          "type": "boolean",
          "primaryKey": false,
          "notNull": true,
          "autoincrement": false,
          "default": false
        },
        "marketing": {
          "name": "marketing",
          "type": "boolean",
          "primaryKey": false,
          "notNull": true,
          "autoincrement": false,
          "default": false
        },
        "transactional": {
          "name": "transactional",
          "type": "boolean",
          "primaryKey": false,
          "notNull": true,
          "autoincrement": false,
          "default": false
        },
        "createdAt": {
          "name": "createdAt",
          "type": "timestamp",
          "primaryKey": false,
          "notNull": false,
          "autoincrement": false,
          "default": "(now())"
        }
      },
      "indexes": {},
      "foreignKeys": {},
      "compositePrimaryKeys": {
        "acme_emails_id": {
          "name": "acme_emails_id",
          "columns": ["id"]
        }
      },
      "uniqueConstraints": {}
    },
    "acme_orders": {
      "name": "acme_orders",
      "columns": {
        "id": {
          "name": "id",
          "type": "serial",
          "primaryKey": false,
          "notNull": true,
          "autoincrement": true
        },
        "storeId": {
          "name": "storeId",
          "type": "int",
          "primaryKey": false,
          "notNull": true,
          "autoincrement": false
        },
        "items": {
          "name": "items",
          "type": "json",
          "primaryKey": false,
          "notNull": false,
          "autoincrement": false,
          "default": "('null')"
        },
        "quantity": {
          "name": "quantity",
          "type": "int",
          "primaryKey": false,
          "notNull": false,
          "autoincrement": false
        },
        "amount": {
          "name": "amount",
          "type": "decimal(10,2)",
          "primaryKey": false,
          "notNull": true,
          "autoincrement": false,
          "default": "'0'"
        },
        "stripePaymentIntentId": {
          "name": "stripePaymentIntentId",
          "type": "varchar(191)",
          "primaryKey": false,
          "notNull": true,
          "autoincrement": false
        },
        "stripePaymentIntentStatus": {
          "name": "stripePaymentIntentStatus",
          "type": "varchar(191)",
          "primaryKey": false,
          "notNull": true,
          "autoincrement": false
        },
        "name": {
          "name": "name",
          "type": "varchar(191)",
          "primaryKey": false,
          "notNull": false,
          "autoincrement": false
        },
        "email": {
          "name": "email",
          "type": "varchar(191)",
          "primaryKey": false,
          "notNull": false,
          "autoincrement": false
        },
        "addressId": {
          "name": "addressId",
          "type": "int",
          "primaryKey": false,
          "notNull": false,
          "autoincrement": false
        },
        "createdAt": {
          "name": "createdAt",
          "type": "timestamp",
          "primaryKey": false,
          "notNull": false,
          "autoincrement": false,
          "default": "(now())"
        }
      },
      "indexes": {},
      "foreignKeys": {},
      "compositePrimaryKeys": {
        "acme_orders_id": {
          "name": "acme_orders_id",
          "columns": ["id"]
        }
      },
      "uniqueConstraints": {}
    },
    "acme_payments": {
      "name": "acme_payments",
      "columns": {
        "id": {
          "name": "id",
          "type": "serial",
          "primaryKey": false,
          "notNull": true,
          "autoincrement": true
        },
        "storeId": {
          "name": "storeId",
          "type": "int",
          "primaryKey": false,
          "notNull": true,
          "autoincrement": false
        },
        "stripeAccountId": {
          "name": "stripeAccountId",
          "type": "varchar(191)",
          "primaryKey": false,
          "notNull": true,
          "autoincrement": false
        },
        "stripeAccountCreatedAt": {
          "name": "stripeAccountCreatedAt",
          "type": "int",
          "primaryKey": false,
          "notNull": false,
          "autoincrement": false
        },
        "stripeAccountExpiresAt": {
          "name": "stripeAccountExpiresAt",
          "type": "int",
          "primaryKey": false,
          "notNull": false,
          "autoincrement": false
        },
        "detailsSubmitted": {
          "name": "detailsSubmitted",
          "type": "boolean",
          "primaryKey": false,
          "notNull": true,
          "autoincrement": false,
          "default": false
        },
        "createdAt": {
          "name": "createdAt",
          "type": "timestamp",
          "primaryKey": false,
          "notNull": false,
          "autoincrement": false,
          "default": "(now())"
        }
      },
      "indexes": {},
      "foreignKeys": {},
      "compositePrimaryKeys": {
        "acme_payments_id": {
          "name": "acme_payments_id",
          "columns": ["id"]
        }
      },
      "uniqueConstraints": {}
    },
    "acme_products": {
      "name": "acme_products",
      "columns": {
        "id": {
          "name": "id",
          "type": "serial",
          "primaryKey": false,
          "notNull": true,
          "autoincrement": true
        },
        "name": {
          "name": "name",
          "type": "varchar(191)",
          "primaryKey": false,
          "notNull": true,
          "autoincrement": false
        },
        "description": {
          "name": "description",
          "type": "text",
          "primaryKey": false,
          "notNull": false,
          "autoincrement": false
        },
        "images": {
          "name": "images",
          "type": "json",
          "primaryKey": false,
          "notNull": false,
          "autoincrement": false,
          "default": "('null')"
        },
        "category": {
          "name": "category",
          "type": "enum('accessories','furniture','clothing','tech')",
          "primaryKey": false,
          "notNull": true,
          "autoincrement": false,
          "default": "'clothing'"
        },
        "subcategory": {
          "name": "subcategory",
          "type": "varchar(191)",
          "primaryKey": false,
          "notNull": false,
          "autoincrement": false
        },
        "price": {
          "name": "price",
          "type": "decimal(10,2)",
          "primaryKey": false,
          "notNull": true,
          "autoincrement": false,
          "default": "'0'"
        },
        "inventory": {
          "name": "inventory",
          "type": "int",
          "primaryKey": false,
          "notNull": true,
          "autoincrement": false,
          "default": 0
        },
        "rating": {
          "name": "rating",
          "type": "int",
          "primaryKey": false,
          "notNull": true,
          "autoincrement": false,
          "default": 0
        },
        "tags": {
          "name": "tags",
          "type": "json",
          "primaryKey": false,
          "notNull": false,
          "autoincrement": false,
          "default": "('null')"
        },
        "storeId": {
          "name": "storeId",
          "type": "int",
          "primaryKey": false,
          "notNull": true,
          "autoincrement": false
        },
        "createdAt": {
          "name": "createdAt",
          "type": "timestamp",
          "primaryKey": false,
          "notNull": false,
          "autoincrement": false,
          "default": "(now())"
        }
      },
      "indexes": {},
      "foreignKeys": {},
      "compositePrimaryKeys": {
        "acme_products_id": {
          "name": "acme_products_id",
          "columns": ["id"]
        }
      },
      "uniqueConstraints": {}
    },
    "acme_session": {
      "name": "acme_session",
      "columns": {
        "sessionToken": {
          "name": "sessionToken",
          "type": "varchar(255)",
          "primaryKey": false,
          "notNull": true,
          "autoincrement": false
        },
        "userId": {
          "name": "userId",
          "type": "varchar(255)",
          "primaryKey": false,
          "notNull": true,
          "autoincrement": false
        },
        "expires": {
          "name": "expires",
          "type": "timestamp",
          "primaryKey": false,
          "notNull": true,
          "autoincrement": false
        }
      },
      "indexes": {
        "userId_idx": {
          "name": "userId_idx",
          "columns": ["userId"],
          "isUnique": false
        }
      },
      "foreignKeys": {},
      "compositePrimaryKeys": {
        "acme_session_sessionToken": {
          "name": "acme_session_sessionToken",
          "columns": ["sessionToken"]
        }
      },
      "uniqueConstraints": {}
    },
    "acme_stores": {
      "name": "acme_stores",
      "columns": {
        "id": {
          "name": "id",
          "type": "serial",
          "primaryKey": false,
          "notNull": true,
          "autoincrement": true
        },
        "userId": {
          "name": "userId",
          "type": "varchar(191)",
          "primaryKey": false,
          "notNull": true,
          "autoincrement": false
        },
        "name": {
          "name": "name",
          "type": "varchar(191)",
          "primaryKey": false,
          "notNull": true,
          "autoincrement": false
        },
        "description": {
          "name": "description",
          "type": "text",
          "primaryKey": false,
          "notNull": false,
          "autoincrement": false
        },
        "slug": {
          "name": "slug",
          "type": "text",
          "primaryKey": false,
          "notNull": false,
          "autoincrement": false
        },
        "active": {
          "name": "active",
          "type": "boolean",
          "primaryKey": false,
          "notNull": true,
          "autoincrement": false,
          "default": false
        },
        "stripeAccountId": {
          "name": "stripeAccountId",
          "type": "varchar(191)",
          "primaryKey": false,
          "notNull": false,
          "autoincrement": false
        },
        "createdAt": {
          "name": "createdAt",
          "type": "timestamp",
          "primaryKey": false,
          "notNull": false,
          "autoincrement": false,
          "default": "(now())"
        }
      },
      "indexes": {},
      "foreignKeys": {},
      "compositePrimaryKeys": {
        "acme_stores_id": {
          "name": "acme_stores_id",
          "columns": ["id"]
        }
      },
      "uniqueConstraints": {}
    },
    "acme_stripe": {
      "name": "acme_stripe",
      "columns": {
        "id": {
          "name": "id",
          "type": "varchar(255)",
          "primaryKey": false,
          "notNull": true,
          "autoincrement": false
        },
        "account": {
          "name": "account",
          "type": "text",
          "primaryKey": false,
          "notNull": false,
          "autoincrement": false
        },
        "api_version": {
          "name": "api_version",
          "type": "text",
          "primaryKey": false,
          "notNull": false,
          "autoincrement": false
        },
        "created": {
          "name": "created",
          "type": "timestamp",
          "primaryKey": false,
          "notNull": false,
          "autoincrement": false
        },
        "data": {
          "name": "data",
          "type": "json",
          "primaryKey": false,
          "notNull": false,
          "autoincrement": false
        },
        "livemode": {
          "name": "livemode",
          "type": "boolean",
          "primaryKey": false,
          "notNull": false,
          "autoincrement": false
        },
        "object": {
          "name": "object",
          "type": "text",
          "primaryKey": false,
          "notNull": false,
          "autoincrement": false
        },
        "pending_webhooks": {
          "name": "pending_webhooks",
          "type": "real",
          "primaryKey": false,
          "notNull": false,
          "autoincrement": false
        },
        "request": {
          "name": "request",
          "type": "json",
          "primaryKey": false,
          "notNull": false,
          "autoincrement": false
        },
        "type": {
          "name": "type",
          "type": "text",
          "primaryKey": false,
          "notNull": false,
          "autoincrement": false
        }
      },
      "indexes": {},
      "foreignKeys": {},
      "compositePrimaryKeys": {
        "acme_stripe_id": {
          "name": "acme_stripe_id",
          "columns": ["id"]
        }
      },
      "uniqueConstraints": {}
    },
    "acme_todo": {
      "name": "acme_todo",
      "columns": {
        "id": {
          "name": "id",
          "type": "serial",
          "primaryKey": false,
          "notNull": true,
          "autoincrement": true
        },
        "position": {
          "name": "position",
          "type": "int",
          "primaryKey": false,
          "notNull": false,
          "autoincrement": false,
          "default": 0
        },
        "content": {
          "name": "content",
          "type": "text",
          "primaryKey": false,
          "notNull": true,
          "autoincrement": false
        },
        "done": {
          "name": "done",
          "type": "boolean",
          "primaryKey": false,
          "notNull": false,
          "autoincrement": false
        },
        "createdAt": {
          "name": "createdAt",
          "type": "timestamp",
          "primaryKey": false,
          "notNull": false,
          "autoincrement": false,
          "default": "(now())"
        },
        "userId": {
          "name": "userId",
          "type": "text",
          "primaryKey": false,
          "notNull": true,
          "autoincrement": false
        }
      },
      "indexes": {},
      "foreignKeys": {},
      "compositePrimaryKeys": {
        "acme_todo_id": {
          "name": "acme_todo_id",
          "columns": ["id"]
        }
      },
      "uniqueConstraints": {}
    },
    "acme_user": {
      "name": "acme_user",
      "columns": {
        "id": {
          "name": "id",
          "type": "varchar(255)",
          "primaryKey": false,
          "notNull": true,
          "autoincrement": false
        },
        "name": {
          "name": "name",
          "type": "varchar(255)",
          "primaryKey": false,
          "notNull": false,
          "autoincrement": false
        },
        "email": {
          "name": "email",
          "type": "varchar(255)",
          "primaryKey": false,
          "notNull": false,
          "autoincrement": false
        },
        "emailClerk": {
          "name": "emailClerk",
          "type": "varchar(255)",
          "primaryKey": false,
          "notNull": false,
          "autoincrement": false
        },
        "emailVerified": {
          "name": "emailVerified",
          "type": "timestamp(3)",
          "primaryKey": false,
          "notNull": false,
          "autoincrement": false,
          "default": "CURRENT_TIMESTAMP(3)"
        },
        "image": {
          "name": "image",
          "type": "varchar(255)",
          "primaryKey": false,
          "notNull": false,
          "autoincrement": false
        },
        "stripeCustomerId": {
          "name": "stripeCustomerId",
          "type": "text",
          "primaryKey": false,
          "notNull": false,
          "autoincrement": false
        },
        "stripePriceId": {
          "name": "stripePriceId",
          "type": "text",
          "primaryKey": false,
          "notNull": false,
          "autoincrement": false
        },
        "stripeCurrentPeriodEnd": {
          "name": "stripeCurrentPeriodEnd",
          "type": "text",
          "primaryKey": false,
          "notNull": false,
          "autoincrement": false
        },
        "stripeSubscriptionId": {
          "name": "stripeSubscriptionId",
          "type": "text",
          "primaryKey": false,
          "notNull": false,
          "autoincrement": false
        },
        "createdAt": {
          "name": "createdAt",
          "type": "timestamp",
          "primaryKey": false,
          "notNull": false,
          "autoincrement": false,
          "default": "(now())"
        },
        "updatedAt": {
          "name": "updatedAt",
          "type": "timestamp",
          "primaryKey": false,
          "notNull": false,
          "autoincrement": false,
          "default": "(now())"
        }
      },
      "indexes": {},
      "foreignKeys": {},
      "compositePrimaryKeys": {
        "acme_user_id": {
          "name": "acme_user_id",
          "columns": ["id"]
        }
      },
      "uniqueConstraints": {}
    },
    "acme_users_to_products": {
      "name": "acme_users_to_products",
      "columns": {
        "user_id": {
          "name": "user_id",
          "type": "varchar(255)",
          "primaryKey": false,
          "notNull": true,
          "autoincrement": false
        },
        "product_id": {
          "name": "product_id",
          "type": "varchar(255)",
          "primaryKey": false,
          "notNull": true,
          "autoincrement": false
        }
      },
      "indexes": {},
      "foreignKeys": {},
      "compositePrimaryKeys": {
        "acme_users_to_products_product_id_user_id": {
          "name": "acme_users_to_products_product_id_user_id",
          "columns": ["product_id", "user_id"]
        }
      },
      "uniqueConstraints": {}
    },
    "acme_verificationToken": {
      "name": "acme_verificationToken",
      "columns": {
        "identifier": {
          "name": "identifier",
          "type": "varchar(255)",
          "primaryKey": false,
          "notNull": true,
          "autoincrement": false
        },
        "token": {
          "name": "token",
          "type": "varchar(255)",
          "primaryKey": false,
          "notNull": true,
          "autoincrement": false
        },
        "expires": {
          "name": "expires",
          "type": "timestamp",
          "primaryKey": false,
          "notNull": true,
          "autoincrement": false
        }
      },
      "indexes": {},
      "foreignKeys": {},
      "compositePrimaryKeys": {
        "acme_verificationToken_identifier_token": {
          "name": "acme_verificationToken_identifier_token",
          "columns": ["identifier", "token"]
        }
      },
      "uniqueConstraints": {}
    }
  },
  "schemas": {},
  "_meta": {
    "schemas": {},
    "tables": {},
    "columns": {}
  }
}
